headword,level,pos,gender,aspect,topics
ale ano,A1,partikule,,,Attitudes to information
neumět,A1,verbum,,imperfektivní,Attitudes to information
hláskovat,A1,verbum,,imperfektivní,Communication strategies
vyslovovat,A1,verbum,,imperfektivní,Communication strategies
demokratický,A1,adjektivum,,,Contact with Czech society
evropský,A1,adjektivum,,,Contact with Czech society
krajský,A1,adjektivum,,,Contact with Czech society
ministerstvo,A1,substantivum,neutrum,,Contact with Czech society
prezident,A1,substantivum,maskulinum,,Contact with Czech society
prezidentka,A1,substantivum,femininum,,Contact with Czech society
překládat,A1,verbum,,imperfektivní,Contact with Czech society
přeložit,A1,verbum,,perfektivní,Contact with Czech society
tlumočit,A1,verbum,,imperfektivní,Contact with Czech society
vnitro,A1,substantivum,neutrum,,Contact with Czech society
začátečnice,A1,substantivum,femininum,,Contact with Czech society
začátečník,A1,substantivum,maskulinum,,Contact with Czech society
zvát,A1,verbum,,imperfektivní,Contact with Czech society
koupat se,A1,verbum,,imperfektivní,Daily routine
krém,A1,substantivum,maskulinum,,Daily routine
mýdlo,A1,substantivum,neutrum,,Daily routine
toaletní,A1,adjektivum,,,Daily routine
vyčistit si,A1,verbum,,perfektivní,Daily routine
srdečně,A1,adverbium,,,Discourse
ekonomie,A1,substantivum,femininum,,Education
jazykový,A1,adjektivum,,,Education
konverzace,A1,substantivum,femininum,,Education
kreslit,A1,verbum,,imperfektivní,Education
neudělat,A1,verbum,,perfektivní,Education
propiska,A1,substantivum,femininum,,Education
písemný,A1,adjektivum,,,Education
přihlásit se,A1,verbum,,perfektivní,Education
uklízečka,A1,substantivum,femininum,,Education
vypočítat,A1,verbum,,perfektivní,Education
vystudovat,A1,verbum,,perfektivní,Education
vyučování,A1,substantivum,neutrum,,Education
žák,A1,substantivum,maskulinum,,Education
žákyně,A1,substantivum,femininum,,Education
pěkný,A1,adjektivum,,,Emotions
radost,A1,substantivum,femininum,,Emotions
štvát,A1,verbum,,imperfektivní,Emotions
sympatický,A1,adjektivum,,,"Emotions; Personal details, family"
kopec,A1,substantivum,maskulinum,,Environment and weather
mrznout,A1,verbum,,imperfektivní,Environment and weather
rybník,A1,substantivum,maskulinum,,Environment and weather
obyčejně,A1,adverbium,,,Evaluation; Shopping and services
žít,A1,verbum,,imperfektivní,"Existence; Personal details, family"
mrtvý,A1,adjektivum,,,"Existence; Personal details, family; Travel"
banán,A1,substantivum,maskulinum,,Food
bezmasý,A1,adjektivum,,,Food
cibule,A1,substantivum,femininum,,Food
citron,A1,substantivum,maskulinum,,Food
dezert,A1,substantivum,maskulinum,,Food
drůbež,A1,substantivum,femininum,,Food
hovězí,A1,adjektivum,,,Food
hořčice,A1,substantivum,femininum,,Food
hruška,A1,substantivum,femininum,,Food
jogurt,A1,substantivum,maskulinum,,Food
kakao,A1,substantivum,neutrum,,Food
kečup,A1,substantivum,maskulinum,,Food
minerálka,A1,substantivum,femininum,,Food
mrkev,A1,substantivum,femininum,,Food
nápoj,A1,substantivum,maskulinum,,Food
okurka,A1,substantivum,femininum,,Food
omáčka,A1,substantivum,femininum,,Food
párek,A1,substantivum,maskulinum,,Food
příloha,A1,substantivum,femininum,,Food
salám,A1,substantivum,maskulinum,,Food
salát,A1,substantivum,maskulinum,,Food
salát,A1,substantivum,maskulinum,,Food
třešeň,A1,substantivum,femininum,,Food
uzenina,A1,substantivum,femininum,,Food
vepřový,A1,adjektivum,,,Food
zákusek,A1,substantivum,maskulinum,,Food
čerstvý,A1,adjektivum,,,Food
česnek,A1,substantivum,maskulinum,,Food
řízek,A1,substantivum,maskulinum,,Food
špagety,A1,substantivum,maskulinum,,Food
hospoda,A1,substantivum,femininum,,Food; Free time
číšnice,A1,substantivum,femininum,,Food; Work
CD,A1,substantivum,neutrum,,Free time
DVD,A1,substantivum,neutrum,,Free time
MP3,A1,substantivum,femininum,,Free time
aerobik,A1,substantivum,maskulinum,,Free time
balon,A1,substantivum,maskulinum,,Free time
basketbal,A1,substantivum,maskulinum,,Free time
bruslit,A1,verbum,,imperfektivní,Free time
bál,A1,substantivum,maskulinum,,Free time
cirkus,A1,substantivum,maskulinum,,Free time
cédéčko,A1,substantivum,neutrum,,Free time
diskotéka,A1,substantivum,femininum,,Free time
dévédéčko,A1,substantivum,neutrum,,Free time
dělat sport,A1,verbum,,imperfektivní,Free time
empétrojka,A1,substantivum,femininum,,Free time
fitness,A1,substantivum,neutrum,,Free time
fotbalista,A1,substantivum,maskulinum,,Free time
galerie,A1,substantivum,femininum,,Free time
herečka,A1,substantivum,femininum,,Free time
hokej,A1,substantivum,maskulinum,,Free time
hokejista,A1,substantivum,maskulinum,,Free time
hudebnice,A1,substantivum,femininum,,Free time
hřiště,A1,substantivum,neutrum,,Free time
klasický,A1,adjektivum,,,Free time
komedie,A1,substantivum,femininum,,Free time
lyžování,A1,substantivum,neutrum,,Free time
muzikál,A1,substantivum,maskulinum,,Free time
míč,A1,substantivum,maskulinum,,Free time
noviny,A1,substantivum,femininum,,Free time
orchestr,A1,substantivum,maskulinum,,Free time
plavání,A1,substantivum,neutrum,,Free time
posilovna,A1,substantivum,femininum,,Free time
počítačový,A1,adjektivum,,,Free time
procházet se,A1,verbum,,imperfektivní,Free time
režisér,A1,substantivum,maskulinum,,Free time
režisérka,A1,substantivum,femininum,,Free time
seriál,A1,substantivum,maskulinum,,Free time
spisovatel,A1,substantivum,maskulinum,,Free time
spisovatelka,A1,substantivum,femininum,,Free time
sportovkyně,A1,substantivum,femininum,,Free time
stadion,A1,substantivum,maskulinum,,Free time
tancovat,A1,verbum,,imperfektivní,Free time
umělec,A1,substantivum,maskulinum,,Free time
umělkyně,A1,substantivum,femininum,,Free time
video,A1,substantivum,neutrum,,Free time
volejbal,A1,substantivum,maskulinum,,Free time
zpěvačka,A1,substantivum,femininum,,Free time
zpěvák,A1,substantivum,maskulinum,,Free time
časopis,A1,substantivum,maskulinum,,Free time
šachy,A1,substantivum,maskulinum,,Free time
navštěvovat,A1,verbum,,imperfektivní,Free time; Contact with Czech society
půjčit,A1,verbum,,perfektivní,Free time; Shopping and services; Travel
sedadlo,A1,substantivum,neutrum,,Free time; Travel
cukrovka,A1,substantivum,femininum,,Health care
dýchat,A1,verbum,,imperfektivní,Health care
gynekolog,A1,substantivum,maskulinum,,Health care
gynekoložka,A1,substantivum,femininum,,Health care
infarkt,A1,substantivum,maskulinum,,Health care
kojit,A1,verbum,,imperfektivní,Health care
laboratoř,A1,substantivum,maskulinum,,Health care
lékařský,A1,adjektivum,,,Health care
neschopenka,A1,substantivum,femininum,,Health care
obličej,A1,substantivum,maskulinum,,Health care
odložit si,A1,verbum,,perfektivní,Health care
ordinační,A1,adjektivum,,,Health care
pohotovost,A1,substantivum,femininum,,Health care
poliklinika,A1,substantivum,femininum,,Health care
prohlédnout,A1,verbum,,perfektivní,Health care
prohlídka,A1,substantivum,femininum,,Health care
průjem,A1,substantivum,maskulinum,,Health care
sestřička,A1,substantivum,femininum,,Health care
specialista,A1,substantivum,maskulinum,,Health care
stolice,A1,substantivum,femininum,,Health care
svléknout se,A1,verbum,,perfektivní,Health care
těhotná,A1,adjektivum,,,Health care
uši,A1,substantivum,femininum,,Health care
viróza,A1,substantivum,femininum,,Health care
zubař,A1,substantivum,maskulinum,,Health care
zubařka,A1,substantivum,femininum,,Health care
ukázat,A1,verbum,,perfektivní,Health care; Shopping and services
čekárna,A1,substantivum,femininum,,Health care; Travel
nehoda,A1,substantivum,femininum,,Health care; Travel; Police and emergencies
WC,A1,substantivum,neutrum,,Housing
gauč,A1,substantivum,maskulinum,,Housing
nezařízený,A1,adjektivum,,,Housing
nájemnice,A1,substantivum,femininum,,Housing
náklady,A1,substantivum,maskulinum,,Housing
poschodí,A1,substantivum,neutrum,,Housing
pronajímat si,A1,verbum,,imperfektivní,Housing
ubytovna,A1,substantivum,femininum,,Housing
umyvadlo,A1,substantivum,neutrum,,Housing
vybavení,A1,substantivum,neutrum,,Housing
zapnout,A1,verbum,,perfektivní,Housing
zařízený,A1,adjektivum,,,Housing
nádobí,A1,substantivum,neutrum,,Housing; Food; Shopping and services
rozhlas,A1,substantivum,maskulinum,,Housing; Free time
spotřebič,A1,substantivum,maskulinum,,Housing; Shopping and services
opravovat,A1,verbum,,imperfektivní,Housing; Shopping and services; Travel
myčka,A1,substantivum,femininum,,Housing; Travel
nehodit se,A1,verbum,,imperfektivní,Influencing others
prominout,A1,verbum,,perfektivní,Influencing others; Social rituals; Discourse
byt 3+1,A1,substantivum,maskulinum,,Influencing others; Social rituals; Discourse; Work; Housing
"nejen, ale i",A1,konjunkce,,,Logical relations
různý,A1,adjektivum,,,Logical relations
dlouhodobý,A1,adjektivum,,,Offices
důchod,A1,substantivum,maskulinum,,Offices
osobně,A1,adverbium,,,Offices
poukaz,A1,substantivum,maskulinum,,Offices
soudní,A1,adjektivum,,,Offices
obecní,A1,adjektivum,,,Offices; Contact with Czech society
tlumočnice,A1,substantivum,femininum,,Offices; Contact with Czech society
tlumočník,A1,substantivum,maskulinum,,Offices; Contact with Czech society
vypnout,A1,verbum,,perfektivní,Offices; Housing
MUDr.,A1,substantivum,,,"Personal details, family"
Mgr.,A1,substantivum,,,"Personal details, family"
Mongol,A1,substantivum,maskulinum,,"Personal details, family"
Mongolka,A1,substantivum,femininum,,"Personal details, family"
Rus,A1,substantivum,maskulinum,,"Personal details, family"
Ruska,A1,substantivum,femininum,,"Personal details, family"
Vietnamec,A1,substantivum,maskulinum,,"Personal details, family"
Vietnamka,A1,substantivum,femininum,,"Personal details, family"
adresa,A1,substantivum,femininum,,"Personal details, family"
blond,A1,adjektivum,,,"Personal details, family"
dívka,A1,substantivum,femininum,,"Personal details, family"
fax,A1,substantivum,maskulinum,,"Personal details, family"
hloupý,A1,adjektivum,,,"Personal details, family"
holka,A1,substantivum,femininum,,"Personal details, family"
hubený,A1,adjektivum,,,"Personal details, family"
kluk,A1,substantivum,maskulinum,,"Personal details, family"
křestní,A1,adjektivum,,,"Personal details, family"
líný,A1,adjektivum,,,"Personal details, family"
mobil,A1,substantivum,maskulinum,,"Personal details, family"
podpis,A1,substantivum,maskulinum,,"Personal details, family"
přechodný,A1,adjektivum,,,"Personal details, family"
příjmení,A1,substantivum,neutrum,,"Personal details, family"
rezavý,A1,adjektivum,,,"Personal details, family"
rozvedená,A1,adjektivum,,,"Personal details, family"
rozvedený,A1,adjektivum,,,"Personal details, family"
vdaná,A1,adjektivum,,,"Personal details, family"
vousy,A1,substantivum,maskulinum,,"Personal details, family"
webový,A1,adjektivum,,,"Personal details, family"
zavináč,A1,substantivum,maskulinum,,"Personal details, family"
zlý,A1,adjektivum,,,"Personal details, family"
šedivý,A1,adjektivum,,,"Personal details, family"
štíhlý,A1,adjektivum,,,"Personal details, family"
cizinka,A1,substantivum,femininum,,"Personal details, family; Contact with Czech society"
pevný,A1,adjektivum,,,"Personal details, family; Housing"
cizinec,A1,substantivum,maskulinum,,"Personal details, family; Offices; Contact with Czech society"
tlustý,A1,adjektivum,,,"Personal details, family; Qualities"
vízum,A1,substantivum,neutrum,,"Personal details, family; Travel"
brýle,A1,substantivum,femininum,,"Personal details, family; Work"
osobní,A1,adjektivum,,,"Personal details, family; Work; Travel; Offices"
cizinecký,A1,adjektivum,,,Police and emergencies
hasič,A1,substantivum,maskulinum,,Police and emergencies
hořet,A1,verbum,,imperfektivní,Police and emergencies
kontrolovat,A1,verbum,,imperfektivní,Police and emergencies
nebezpečí,A1,substantivum,neutrum,,Police and emergencies
ukrást,A1,verbum,,perfektivní,Police and emergencies
záchranka,A1,substantivum,femininum,,Police and emergencies
bavlna,A1,substantivum,femininum,,Qualities
fialový,A1,adjektivum,,,Qualities
hnědý,A1,adjektivum,,,Qualities
kov,A1,substantivum,maskulinum,,Qualities
kámen,A1,substantivum,maskulinum,,Qualities
kůže,A1,substantivum,femininum,,Qualities
mokrý,A1,adjektivum,,,Qualities
nepořádek,A1,substantivum,maskulinum,,Qualities
oranžový,A1,adjektivum,,,Qualities
polyester,A1,substantivum,maskulinum,,Qualities
rušno,A1,adverbium,,,Qualities
růžový,A1,adjektivum,,,Qualities
slaný,A1,adjektivum,,,Qualities
textilní,A1,adjektivum,,,Qualities
vlna,A1,substantivum,femininum,,Qualities
špinavý,A1,adjektivum,,,Qualities
sladký,A1,adjektivum,,,Qualities; Food
tmavý,A1,adjektivum,,,Qualities; Food
kolikátý,A1,,,,Qualities; Giving information; Quantity
fungovat,A1,verbum,,imperfektivní,Qualities; Housing
rozbitý,A1,adjektivum,,,Qualities; Housing
dospělý,A1,substantivum,maskulinum,,"Qualities; Personal details, family"
věk,A1,substantivum,maskulinum,,"Qualities; Personal details, family"
porucha,A1,substantivum,femininum,,Qualities; Police and emergencies
kožený,A1,adjektivum,,,Qualities; Shopping and services
pořádek,A1,substantivum,maskulinum,,Qualities; Social rituals
jenom,A1,adverbium,,,Quantity
procento,A1,substantivum,neutrum,,Quantity
třicátý,A1,,,,Quantity
talíř,A1,substantivum,maskulinum,,Quantity; Food
adresát,A1,substantivum,maskulinum,,Shopping and services
bankomat,A1,substantivum,maskulinum,,Shopping and services
blůza,A1,substantivum,femininum,,Shopping and services
cukrárna,A1,substantivum,femininum,,Shopping and services
drobné,A1,substantivum,neutrum,,Shopping and services
drogerie,A1,substantivum,femininum,,Shopping and services
holičství,A1,substantivum,neutrum,,Shopping and services
hypermarket,A1,substantivum,maskulinum,,Shopping and services
kabinka,A1,substantivum,femininum,,Shopping and services
kadeřnictví,A1,substantivum,neutrum,,Shopping and services
kosmetika,A1,substantivum,femininum,,Shopping and services
kosmetička,A1,substantivum,femininum,,Shopping and services
lékárnice,A1,substantivum,femininum,,Shopping and services
mince,A1,substantivum,femininum,,Shopping and services
obuv,A1,substantivum,femininum,,Shopping and services
odesílatel,A1,substantivum,maskulinum,,Shopping and services
oděvy,A1,substantivum,maskulinum,,Shopping and services
pekařství,A1,substantivum,neutrum,,Shopping and services
potraviny,A1,substantivum,femininum,,Shopping and services
prádelna,A1,substantivum,femininum,,Shopping and services
sako,A1,substantivum,neutrum,,Shopping and services
zablokovat,A1,verbum,,perfektivní,Shopping and services
zadarmo,A1,adverbium,,,Shopping and services
zadat,A1,verbum,,perfektivní,Shopping and services
zboží,A1,substantivum,neutrum,,Shopping and services
zkusit si,A1,verbum,,perfektivní,Shopping and services
čepice,A1,substantivum,femininum,,Shopping and services
čistírna,A1,substantivum,femininum,,Shopping and services
řeznictví,A1,substantivum,neutrum,,Shopping and services
pojistit,A1,verbum,,perfektivní,Shopping and services; Offices
centimetr,A1,substantivum,maskulinum,,Size and measures
kilometr,A1,substantivum,maskulinum,,Size and measures
mráz,A1,substantivum,maskulinum,,Size and measures; Environment and weather
lehký,A1,adjektivum,,,Size and measures; Evaluation; Work
vážit,A1,verbum,,imperfektivní,"Size and measures; Personal details, family; Health care"
Velikonoce,A1,substantivum,femininum,,Social rituals
Vánoce,A1,substantivum,femininum,,Social rituals
nápodobně,A1,adverbium,,,Social rituals
pardon,A1,substantivum,maskulinum,,Social rituals
soustrast,A1,substantivum,femininum,,Social rituals
upřímný,A1,adjektivum,,,Social rituals
vadit,A1,verbum,,imperfektivní,Social rituals
jmenovat se,A1,verbum,,imperfektivní,"Social rituals; Communication strategies; Personal details, family"
slečna,A1,substantivum,femininum,,"Social rituals; Personal details, family"
jih,A1,substantivum,maskulinum,,Space
napravo,A1,adverbium,,,Space
nikam,A1,adverbium,,,Space
někam,A1,adverbium,,,Space
tamhle,A1,adverbium,,,Space
vepředu,A1,adverbium,,,Space
vzadu,A1,adverbium,,,Space
spadnout,A1,verbum,,perfektivní,Space; Health care
téct,A1,verbum,,imperfektivní,Space; Housing
zahnout,A1,verbum,,perfektivní,Space; Travel
kolikrát,A1,,,,Time
pořád,A1,adverbium,,,Time
půlnoc,A1,substantivum,femininum,,Time
odkdy,A1,adverbium,,,Time; Giving information
autoservis,A1,substantivum,maskulinum,,Travel
benzin,A1,substantivum,maskulinum,,Travel
benzinka,A1,substantivum,femininum,,Travel
benzinový,A1,adjektivum,,,Travel
letenka,A1,substantivum,femininum,,Travel
motor,A1,substantivum,maskulinum,,Travel
nafta,A1,substantivum,femininum,,Travel
nastupovat,A1,verbum,,imperfektivní,Travel
průvodce,A1,substantivum,maskulinum,,Travel
průvodkyně,A1,substantivum,femininum,,Travel
průvodčí,A1,substantivum,,,Travel
pumpa,A1,substantivum,femininum,,Travel
přestupovat,A1,verbum,,imperfektivní,Travel
půjčit si,A1,verbum,,perfektivní,Travel
silnice,A1,substantivum,femininum,,Travel
taxík,A1,substantivum,maskulinum,,Travel
trasa,A1,substantivum,femininum,,Travel
trolejbus,A1,substantivum,maskulinum,,Travel
turista,A1,substantivum,maskulinum,,Travel
vagon,A1,substantivum,maskulinum,,Travel
značka,A1,substantivum,femininum,,Travel
zpáteční,A1,adjektivum,,,Travel
řidičský,A1,adjektivum,,,Travel
řád,A1,substantivum,maskulinum,,Travel
městský,A1,adjektivum,,,Travel; Offices; Contact with Czech society
brigáda,A1,substantivum,femininum,,Work
domácnost,A1,substantivum,femininum,,Work
dělnice,A1,substantivum,femininum,,Work
dělník,A1,substantivum,maskulinum,,Work
farma,A1,substantivum,femininum,,Work
farmář,A1,substantivum,maskulinum,,Work
farmářka,A1,substantivum,femininum,,Work
inzerát,A1,substantivum,maskulinum,,Work
nezaměstnaný,A1,substantivum,maskulinum,,Work
novinář,A1,substantivum,maskulinum,,Work
novinářka,A1,substantivum,femininum,,Work
podnik,A1,substantivum,maskulinum,,Work
podnikat,A1,verbum,,imperfektivní,Work
podnikatel,A1,substantivum,maskulinum,,Work
podnikatelka,A1,substantivum,femininum,,Work
pracoviště,A1,substantivum,neutrum,,Work
směna,A1,substantivum,femininum,,Work
technička,A1,substantivum,femininum,,Work
vydělávat,A1,verbum,,imperfektivní,Work
zaměstnankyně,A1,substantivum,femininum,,Work
zedník,A1,substantivum,maskulinum,,Work
řemeslník,A1,substantivum,maskulinum,,Work
důchodce,A1,substantivum,maskulinum,,Work; Offices
důchodkyně,A1,substantivum,femininum,,Work; Offices
úřednice,A1,substantivum,femininum,,Work; Offices
živnostenský,A1,adjektivum,,,Work; Offices
policista,A1,substantivum,maskulinum,,Work; Police and emergencies
policistka,A1,substantivum,femininum,,Work; Police and emergencies
kadeřnice,A1,substantivum,femininum,,Work; Shopping and services
porozumět,A2,verbum,,perfektivní,
povídat si o,A2,verbum,,imperfektivní,
seznamovat se,A2,verbum,,imperfektivní,
seznámit se,A2,verbum,,perfektivní,
účastnit se,A2,verbum,,imperfektivní,
naprosto,A2,adverbium,,,Attitudes to information
nepamatovat si,A2,verbum,,imperfektivní,Attitudes to information
nevzpomenout si,A2,verbum,,perfektivní,Attitudes to information
nevzpomínat si,A2,verbum,,imperfektivní,Attitudes to information
nevědět,A2,verbum,,imperfektivní,Attitudes to information
nezapomenout,A2,verbum,,perfektivní,Attitudes to information
pamatovat si,A2,verbum,,imperfektivní,Attitudes to information
pochybovat,A2,verbum,,imperfektivní,Attitudes to information
prý,A2,partikule,,,Attitudes to information
vzpomínat si,A2,verbum,,imperfektivní,Attitudes to information
charita,A2,substantivum,femininum,,Contact with Czech society
hlasovat,A2,verbum,,imperfektivní,Contact with Czech society
klub,A2,substantivum,maskulinum,,Contact with Czech society
ministr,A2,substantivum,maskulinum,,Contact with Czech society
ministryně,A2,substantivum,femininum,,Contact with Czech society
neziskový,A2,adjektivum,,,Contact with Czech society
okresní,A2,adjektivum,,,Contact with Czech society
opoziční,A2,adjektivum,,,Contact with Czech society
organizace,A2,substantivum,femininum,,Contact with Czech society
parlament,A2,substantivum,maskulinum,,Contact with Czech society
politička,A2,substantivum,femininum,,Contact with Czech society
poslanec,A2,substantivum,maskulinum,,Contact with Czech society
poslanecký,A2,adjektivum,,,Contact with Czech society
poslankyně,A2,substantivum,femininum,,Contact with Czech society
překladatel,A2,substantivum,maskulinum,,Contact with Czech society
překladatelka,A2,substantivum,femininum,,Contact with Czech society
schengenský,A2,adjektivum,,,Contact with Czech society
scházet se,A2,verbum,,imperfektivní,Contact with Czech society
senát,A2,substantivum,maskulinum,,Contact with Czech society
senátor,A2,substantivum,maskulinum,,Contact with Czech society
senátorka,A2,substantivum,femininum,,Contact with Czech society
sněmovna,A2,substantivum,femininum,,Contact with Czech society
vláda,A2,substantivum,femininum,,Contact with Czech society
vládnout,A2,verbum,,imperfektivní,Contact with Czech society
vládní,A2,adjektivum,,,Contact with Czech society
volit,A2,verbum,,imperfektivní,Contact with Czech society
zvolit,A2,verbum,,perfektivní,Contact with Czech society
zákon,A2,substantivum,maskulinum,,Contact with Czech society
člen,A2,substantivum,maskulinum,,Contact with Czech society
členka,A2,substantivum,femininum,,Contact with Czech society
čisticí,A2,adjektivum,,,Contact with Czech society; Daily routine
budit se,A2,verbum,,imperfektivní,Daily routine
dámský,A2,adjektivum,,,Daily routine
fén,A2,substantivum,maskulinum,,Daily routine
hřeben,A2,substantivum,maskulinum,,Daily routine
kapesník,A2,substantivum,maskulinum,,Daily routine
lux,A2,substantivum,maskulinum,,Daily routine
luxovat,A2,verbum,,imperfektivní,Daily routine
namalovat se,A2,verbum,,perfektivní,Daily routine
obléknout se,A2,verbum,,perfektivní,Daily routine
odpočinout si,A2,verbum,,perfektivní,Daily routine
oholit se,A2,verbum,,perfektivní,Daily routine
osprchovat se,A2,verbum,,perfektivní,Daily routine
probudit se,A2,verbum,,perfektivní,Daily routine
prášek,A2,substantivum,maskulinum,,Daily routine
spánek,A2,substantivum,maskulinum,,Daily routine
umýt se,A2,verbum,,perfektivní,Daily routine
učesat se,A2,verbum,,perfektivní,Daily routine
vložka,A2,substantivum,femininum,,Daily routine
vykoupat se,A2,verbum,,perfektivní,Daily routine
vyluxovat,A2,verbum,,perfektivní,Daily routine
vysavač,A2,substantivum,maskulinum,,Daily routine
vyžehlit,A2,verbum,,perfektivní,Daily routine
šampon,A2,substantivum,maskulinum,,Daily routine
žehlit,A2,verbum,,imperfektivní,Daily routine
žehlička,A2,substantivum,femininum,,Daily routine
hlasový,A2,adjektivum,,,Discourse
přepojit,A2,verbum,,perfektivní,Discourse
rozloučení,A2,substantivum,neutrum,,Discourse
stisknout,A2,verbum,,perfektivní,Discourse
AIDS,A2,substantivum,maskulinum,,Discourse; Health care
schránka,A2,substantivum,femininum,,Discourse; Shopping and services
aula,A2,substantivum,femininum,,Education
certifikovaný,A2,adjektivum,,,Education
docentka,A2,substantivum,femininum,,Education
dějepis,A2,substantivum,maskulinum,,Education
jesle,A2,substantivum,femininum,,Education
konzultace,A2,substantivum,femininum,,Education
maturita,A2,substantivum,femininum,,Education
maturitní,A2,adjektivum,,,Education
nakreslit,A2,verbum,,perfektivní,Education
nostrifikace,A2,substantivum,femininum,,Education
rozvrh,A2,substantivum,maskulinum,,Education
soukromý,A2,adjektivum,,,Education
tělocvik,A2,substantivum,maskulinum,,Education
umělecký,A2,adjektivum,,,Education
uznat,A2,verbum,,perfektivní,Education
uznávat,A2,verbum,,imperfektivní,Education
učiliště,A2,substantivum,neutrum,,Education
vrátnice,A2,substantivum,femininum,,Education
vysokoškolský,A2,adjektivum,,,Education
vysvědčení,A2,substantivum,neutrum,,Education
vyučit se,A2,verbum,,perfektivní,Education
vyučovat,A2,verbum,,imperfektivní,Education
výuční,A2,adjektivum,,,Education
zapisovat,A2,verbum,,imperfektivní,Education
zapisovat se,A2,verbum,,imperfektivní,Education
zaškrtnout,A2,verbum,,perfektivní,Education
školnice,A2,substantivum,femininum,,Education
hnusný,A2,adjektivum,,,Emotions
nebavit,A2,verbum,,imperfektivní,Emotions
nejraději,A2,adjektivum,,,Emotions
nesnášet,A2,verbum,,imperfektivní,Emotions
nesympatický,A2,adjektivum,,,Emotions
nezajímat,A2,verbum,,imperfektivní,Emotions
snášet,A2,verbum,,imperfektivní,Emotions
uklidnit se,A2,verbum,,perfektivní,Emotions
dělat rád,A2,verbum,,imperfektivní,Emotions; Daily routine; Free time; Education
litovat,A2,verbum,,imperfektivní,Emotions; Influencing others
hmyz,A2,substantivum,maskulinum,,Environment and weather
hvězda,A2,substantivum,femininum,,Environment and weather
keř,A2,substantivum,maskulinum,,Environment and weather
kůň,A2,substantivum,maskulinum,,Environment and weather
mrak,A2,substantivum,maskulinum,,Environment and weather
polojasno,A2,adverbium,,,Environment and weather
pěstovat,A2,verbum,,imperfektivní,Environment and weather
rostlina,A2,substantivum,femininum,,Environment and weather
rovina,A2,substantivum,femininum,,Environment and weather
srážka,A2,substantivum,femininum,,Environment and weather
veterinář,A2,substantivum,maskulinum,,Environment and weather
veterinářka,A2,substantivum,femininum,,Environment and weather
zataženo,A2,adverbium,,,Environment and weather
zoo,A2,substantivum,neutrum,,Environment and weather
zoologický,A2,adjektivum,,,Environment and weather
blbý,A2,,,,Evaluation
lehce,A2,adverbium,,,Evaluation
nevhodný,A2,adjektivum,,,Evaluation
vyhovovat,A2,verbum,,imperfektivní,Evaluation
výborný,A2,adjektivum,,,Evaluation
zbytečný,A2,adjektivum,,,Evaluation
obyčejný,A2,adjektivum,,,Evaluation; Shopping and services
průměrný,A2,adjektivum,,,Evaluation; Work
dít se,A2,verbum,,imperfektivní,Existence
smrt,A2,substantivum,femininum,,Existence
alkoholický,A2,adjektivum,,,Food
aperitiv,A2,substantivum,maskulinum,,Food
becherovka,A2,substantivum,femininum,,Food
bramborový,A2,adjektivum,,,Food
broskev,A2,substantivum,femininum,,Food
budvar,A2,substantivum,maskulinum,,Food
celer,A2,substantivum,maskulinum,,Food
dusit,A2,verbum,,imperfektivní,Food
dušený,A2,adjektivum,,,Food
džem,A2,substantivum,maskulinum,,Food
fast food,A2,substantivum,maskulinum,,Food
grilovaný,A2,adjektivum,,,Food
hrnec,A2,substantivum,maskulinum,,Food
hroznový,A2,adjektivum,,,Food
hrášek,A2,substantivum,maskulinum,,Food
kachna,A2,substantivum,femininum,,Food
kapusta,A2,substantivum,femininum,,Food
kofola,A2,substantivum,femininum,,Food
koření,A2,substantivum,neutrum,,Food
mandarinka,A2,substantivum,femininum,,Food
meruňka,A2,substantivum,femininum,,Food
mouka,A2,substantivum,femininum,,Food
míchat,A2,verbum,,imperfektivní,Food
najíst se,A2,verbum,,perfektivní,Food
nakrájet,A2,verbum,,perfektivní,Food
nasnídat se,A2,verbum,,perfektivní,Food
nasvačit se,A2,verbum,,perfektivní,Food
navečeřet se,A2,verbum,,perfektivní,Food
nealkoholický,A2,adjektivum,,,Food
neperlivý,A2,adjektivum,,,Food
nápojový,A2,adjektivum,,,Food
obsluha,A2,substantivum,femininum,,Food
občerstvení,A2,substantivum,neutrum,,Food
osmažit,A2,verbum,,perfektivní,Food
palačinka,A2,substantivum,femininum,,Food
paprika,A2,substantivum,femininum,,Food
paštika,A2,substantivum,femininum,,Food
pekáč,A2,substantivum,maskulinum,,Food
pepř,A2,substantivum,maskulinum,,Food
perlivý,A2,adjektivum,,,Food
petržel,A2,substantivum,maskulinum,,Food
pečivo,A2,substantivum,neutrum,,Food
plzeňské,A2,substantivum,neutrum,,Food
podnikový,A2,adjektivum,,,Food
pánev,A2,substantivum,femininum,,Food
péct,A2,verbum,,imperfektivní,Food
předkrm,A2,substantivum,maskulinum,,Food
přesnídávka,A2,substantivum,femininum,,Food
rum,A2,substantivum,maskulinum,,Food
s sebou,A2,pronomen,,,Food
skopový,A2,adjektivum,,,Food
smetana,A2,substantivum,femininum,,Food
smíchat,A2,verbum,,perfektivní,Food
spropitné,A2,substantivum,neutrum,,Food
stravovat se,A2,verbum,,imperfektivní,Food
svačina,A2,substantivum,femininum,,Food
svačit,A2,verbum,,imperfektivní,Food
sýrový,A2,adjektivum,,,Food
točený,A2,adjektivum,,,Food
těstoviny,A2,substantivum,femininum,,Food
upéct,A2,verbum,,perfektivní,Food
zeleninový,A2,adjektivum,,,Food
špenát,A2,substantivum,maskulinum,,Food
švestka,A2,substantivum,femininum,,Food
menza,A2,substantivum,femininum,,Food; Education
stánek,A2,substantivum,maskulinum,,Food; Shopping and services
servírka,A2,substantivum,femininum,,Food; Work
atletika,A2,substantivum,femininum,,Free time
balet,A2,substantivum,maskulinum,,Free time
bavit se,A2,verbum,,imperfektivní,Free time
bowling,A2,substantivum,maskulinum,,Free time
báseň,A2,substantivum,femininum,,Free time
básník,A2,substantivum,maskulinum,,Free time
básnířka,A2,substantivum,femininum,,Free time
chalupa,A2,substantivum,femininum,,Free time
chatovat,A2,verbum,,imperfektivní,Free time
cyklistika,A2,substantivum,femininum,,Free time
detektivka,A2,substantivum,femininum,,Free time
diskusní,A2,adjektivum,,,Free time
diskžokej,A2,substantivum,maskulinum,,Free time
divák,A2,substantivum,maskulinum,,Free time
družstvo,A2,substantivum,neutrum,,Free time
elektronický,A2,adjektivum,,,Free time
fandit,A2,verbum,,imperfektivní,Free time
fanoušek,A2,substantivum,maskulinum,,Free time
gymnastika,A2,substantivum,femininum,,Free time
jazzový,A2,adjektivum,,,Free time
klávesnice,A2,substantivum,femininum,,Free time
konat se,A2,verbum,,imperfektivní,Free time
kulečník,A2,substantivum,maskulinum,,Free time
kulturní,A2,adjektivum,,,Free time
lidový,A2,adjektivum,,,Free time
literatura,A2,substantivum,femininum,,Free time
lyžař,A2,substantivum,maskulinum,,Free time
lyžařka,A2,substantivum,femininum,,Free time
malíř,A2,substantivum,maskulinum,,Free time
malířka,A2,substantivum,femininum,,Free time
metalový,A2,adjektivum,,,Free time
mistrovství,A2,substantivum,neutrum,,Free time
monitor,A2,substantivum,maskulinum,,Free time
myš,A2,substantivum,femininum,,Free time
nerozhodně,A2,adverbium,,,Free time
nástroj,A2,substantivum,maskulinum,,Free time
olympiáda,A2,substantivum,femininum,,Free time
památky,A2,substantivum,femininum,,Free time
poezie,A2,substantivum,femininum,,Free time
pohádka,A2,substantivum,femininum,,Free time
pouštět si,A2,verbum,,imperfektivní,Free time
pořad,A2,substantivum,maskulinum,,Free time
prohlížeč,A2,substantivum,maskulinum,,Free time
pustit si,A2,verbum,,perfektivní,Free time
předplatné,A2,substantivum,neutrum,,Free time
předprodej,A2,substantivum,maskulinum,,Free time
raketa,A2,substantivum,femininum,,Free time
reklama,A2,substantivum,femininum,,Free time
rockový,A2,adjektivum,,,Free time
román,A2,substantivum,maskulinum,,Free time
rozhlasový,A2,adjektivum,,,Free time
sci-fi,A2,substantivum,femininum,,Free time
skypovat,A2,verbum,,imperfektivní,Free time
sochařka,A2,substantivum,femininum,,Free time
soutěž,A2,substantivum,femininum,,Free time
soutěžit,A2,verbum,,imperfektivní,Free time
stahovat,A2,verbum,,imperfektivní,Free time
stáhnout,A2,verbum,,perfektivní,Free time
trenér,A2,substantivum,maskulinum,,Free time
trenérka,A2,substantivum,femininum,,Free time
tweet,A2,substantivum,maskulinum,,Free time
tweetovat,A2,verbum,,imperfektivní,Free time
vyprodáno,A2,verbum,,imperfektivní,Free time
zabruslit si,A2,verbum,,perfektivní,Free time
zaběhat si,A2,verbum,,perfektivní,Free time
zahrát si,A2,verbum,,perfektivní,Free time
zarezervovat si,A2,verbum,,perfektivní,Free time
zazpívat,A2,verbum,,perfektivní,Free time
zvítězit,A2,verbum,,perfektivní,Free time
závodnice,A2,substantivum,femininum,,Free time
zúčastnit se,A2,verbum,,perfektivní,Free time
čtenářka,A2,substantivum,femininum,,Free time
tělocvična,A2,substantivum,femininum,,Free time; Education
zacvičit si,A2,verbum,,perfektivní,Free time; Education
chovat,A2,verbum,,imperfektivní,Free time; Environment and weather
půjčovat,A2,verbum,,imperfektivní,Free time; Shopping and services; Travel
památka,A2,substantivum,femininum,,Free time; Travel
odlet,A2,substantivum,maskulinum,,Giving information; Space
angína,A2,substantivum,femininum,,Health care
antikoncepce,A2,substantivum,femininum,,Health care
bronchitida,A2,substantivum,femininum,,Health care
chirurg,A2,substantivum,maskulinum,,Health care
chirurgický,A2,adjektivum,,,Health care
diabetik,A2,substantivum,maskulinum,,Health care
diabetička,A2,substantivum,femininum,,Health care
dieta,A2,substantivum,femininum,,Health care
držet,A2,verbum,,imperfektivní,Health care
játra,A2,substantivum,neutrum,,Health care
komerční,A2,adjektivum,,,Health care
kotník,A2,substantivum,maskulinum,,Health care
krvácet,A2,verbum,,imperfektivní,Health care
kůže,A2,substantivum,femininum,,Health care
ledviny,A2,substantivum,femininum,,Health care
loket,A2,substantivum,maskulinum,,Health care
léčit,A2,verbum,,imperfektivní,Health care
léčit se,A2,verbum,,imperfektivní,Health care
lůžko,A2,substantivum,neutrum,,Health care
menstruace,A2,substantivum,femininum,,Health care
operovat,A2,verbum,,imperfektivní,Health care
ordinovat,A2,verbum,,imperfektivní,Health care
oteklý,A2,adjektivum,,,Health care
očkovací,A2,adjektivum,,,Health care
oční,A2,adjektivum,,,Health care
ošetřovatel,A2,substantivum,maskulinum,,Health care
ošetřovatelka,A2,substantivum,femininum,,Health care
ošetřovné,A2,substantivum,neutrum,,Health care
plomba,A2,substantivum,femininum,,Health care
plombovat,A2,verbum,,imperfektivní,Health care
plíce,A2,substantivum,femininum,,Health care
porodnice,A2,substantivum,femininum,,Health care
potrat,A2,substantivum,maskulinum,,Health care
preventivní,A2,adjektivum,,,Health care
psychiatr,A2,substantivum,maskulinum,,Health care
psychiatrička,A2,substantivum,femininum,,Health care
píchnout,A2,verbum,,perfektivní,Health care
rakovina,A2,substantivum,femininum,,Health care
rehabilitace,A2,substantivum,femininum,,Health care
spálit se,A2,verbum,,perfektivní,Health care
sádra,A2,substantivum,femininum,,Health care
trhat,A2,verbum,,imperfektivní,Health care
tvář,A2,substantivum,femininum,,Health care
těhotenský,A2,adjektivum,,,Health care
těhotenství,A2,substantivum,neutrum,,Health care
ultrazvuk,A2,substantivum,maskulinum,,Health care
umělý,A2,adjektivum,,,Health care
vyrážka,A2,substantivum,femininum,,Health care
vytrhnout,A2,verbum,,perfektivní,Health care
zaplombovat,A2,verbum,,perfektivní,Health care
zlomenina,A2,substantivum,femininum,,Health care
zranit se,A2,verbum,,perfektivní,Health care
úraz,A2,substantivum,maskulinum,,Health care
čelo,A2,substantivum,neutrum,,Health care
říznout se,A2,verbum,,perfektivní,Health care
šestinedělí,A2,substantivum,neutrum,,Health care
odborný,A2,adjektivum,,,Health care; Education
pojistit se,A2,verbum,,perfektivní,Health care; Offices
pojišťovna,A2,substantivum,femininum,,Health care; Shopping and services
pojistné,A2,substantivum,neutrum,,Health care; Shopping and services; Offices
bojler,A2,substantivum,maskulinum,,Housing
doplatek,A2,substantivum,maskulinum,,Housing
dvůr,A2,substantivum,maskulinum,,Housing
fond,A2,substantivum,maskulinum,,Housing
hi-fi,A2,substantivum,neutrum,,Housing
konvice,A2,substantivum,femininum,,Housing
kotel,A2,substantivum,maskulinum,,Housing
krb,A2,substantivum,maskulinum,,Housing
kuchyňský,A2,adjektivum,,,Housing
podnájem,A2,substantivum,maskulinum,,Housing
polička,A2,substantivum,femininum,,Housing
pustit,A2,verbum,,perfektivní,Housing
přeplatek,A2,substantivum,maskulinum,,Housing
připojení,A2,substantivum,neutrum,,Housing
rozsvítit,A2,verbum,,perfektivní,Housing
samostatný,A2,adjektivum,,,Housing
solární,A2,adjektivum,,,Housing
stočné,A2,substantivum,neutrum,,Housing
sušička,A2,substantivum,femininum,,Housing
uhlí,A2,substantivum,neutrum,,Housing
vodné,A2,substantivum,neutrum,,Housing
vybavený,A2,adjektivum,,,Housing
vypadat,A2,verbum,,imperfektivní,Housing
vypínat,A2,verbum,,imperfektivní,Housing
věž,A2,substantivum,femininum,,Housing
zapínat,A2,verbum,,imperfektivní,Housing
zhasnout,A2,verbum,,perfektivní,Housing
záclona,A2,substantivum,femininum,,Housing
ústřední,A2,adjektivum,,,Housing
spolubydlící,A2,substantivum,,,Housing; Free time
příspěvek,A2,substantivum,maskulinum,,Housing; Offices
elektrický,A2,adjektivum,,,Housing; Shopping and services
raději,A2,adjektivum,,,Influencing others
schvalovat,A2,verbum,,imperfektivní,Influencing others
muslim,A2,substantivum,maskulinum,,"Influencing others; Discourse; Personal details, family"
napít se,A2,verbum,,perfektivní,Influencing others; Food
"ani, ani",A2,konjunkce,,,Logical relations
majetek,A2,substantivum,maskulinum,,Logical relations
agentura,A2,substantivum,femininum,,Offices
apostila,A2,substantivum,femininum,,Offices
dostavit se,A2,verbum,,perfektivní,Offices
dávka,A2,substantivum,femininum,,Offices
důchodový,A2,adjektivum,,,Offices
hmotný,A2,adjektivum,,,Offices
mateřská,A2,substantivum,femininum,,Offices
matrika,A2,substantivum,femininum,,Offices
nezaměstnanost,A2,substantivum,femininum,,Offices
nouze,A2,substantivum,femininum,,Offices
obžalovaný,A2,substantivum,maskulinum,,Offices
ověřený,A2,adjektivum,,,Offices
ověřit,A2,verbum,,perfektivní,Offices
ověřovat,A2,verbum,,imperfektivní,Offices
podpora,A2,substantivum,femininum,,Offices
porodné,A2,substantivum,neutrum,,Offices
postižený,A2,substantivum,maskulinum,,Offices
primátor,A2,substantivum,maskulinum,,Offices
primátorka,A2,substantivum,femininum,,Offices
předčasný,A2,adjektivum,,,Offices
přehled,A2,substantivum,maskulinum,,Offices
přestupek,A2,substantivum,maskulinum,,Offices
přídavek,A2,substantivum,maskulinum,,Offices
rejstřík,A2,substantivum,maskulinum,,Offices
rozsudek,A2,substantivum,maskulinum,,Offices
silniční,A2,adjektivum,,,Offices
spotřební,A2,adjektivum,,,Offices
starobní,A2,adjektivum,,,Offices
starosta,A2,substantivum,maskulinum,,Offices
starostka,A2,substantivum,femininum,,Offices
superlegalizace,A2,substantivum,femininum,,Offices
svědek,A2,substantivum,maskulinum,,Offices
svědkyně,A2,substantivum,femininum,,Offices
trest,A2,substantivum,maskulinum,,Offices
trestní,A2,adjektivum,,,Offices
vazba,A2,substantivum,femininum,,Offices
vozidlo,A2,substantivum,neutrum,,Offices
výpis,A2,substantivum,maskulinum,,Offices
vězení,A2,substantivum,neutrum,,Offices
zabezpečení,A2,substantivum,neutrum,,Offices
zastupitelství,A2,substantivum,neutrum,,Offices
záloha,A2,substantivum,femininum,,Offices
žaloba,A2,substantivum,femininum,,Offices
ohlásit,A2,verbum,,perfektivní,Offices; Police and emergencies
listonoš,A2,substantivum,maskulinum,,Offices; Shopping and services
vyplňovat,A2,verbum,,imperfektivní,Offices; Shopping and services; Education
Bc.,A2,substantivum,maskulinum,,"Personal details, family"
JUDr.,A2,substantivum,,,"Personal details, family"
P.O. box,A2,substantivum,maskulinum,,"Personal details, family"
adoptivní,A2,adjektivum,,,"Personal details, family"
asijský,A2,adjektivum,,,"Personal details, family"
ateista,A2,substantivum,maskulinum,,"Personal details, family"
ateistka,A2,substantivum,femininum,,"Personal details, family"
buddhista,A2,substantivum,maskulinum,,"Personal details, family"
buddhistka,A2,substantivum,femininum,,"Personal details, family"
běloch,A2,substantivum,maskulinum,,"Personal details, family"
běloška,A2,substantivum,femininum,,"Personal details, family"
chrám,A2,substantivum,maskulinum,,"Personal details, family"
drobný,A2,adjektivum,,,"Personal details, family"
družka,A2,substantivum,femininum,,"Personal details, family"
e-mailový,A2,adjektivum,,,"Personal details, family"
inteligentní,A2,adjektivum,,,"Personal details, family"
katolička,A2,substantivum,femininum,,"Personal details, family"
katolík,A2,substantivum,maskulinum,,"Personal details, family"
kudrnatý,A2,adjektivum,,,"Personal details, family"
křesťan,A2,substantivum,maskulinum,,"Personal details, family"
křesťanka,A2,substantivum,femininum,,"Personal details, family"
křesťanský,A2,adjektivum,,,"Personal details, family"
mešita,A2,substantivum,femininum,,"Personal details, family"
muslimka,A2,substantivum,femininum,,"Personal details, family"
nevlastní,A2,adjektivum,,,"Personal details, family"
náboženský,A2,adjektivum,,,"Personal details, family"
náboženství,A2,substantivum,neutrum,,"Personal details, family"
národnost,A2,substantivum,femininum,,"Personal details, family"
obec,A2,substantivum,femininum,,"Personal details, family"
obézní,A2,adjektivum,,,"Personal details, family"
občanství,A2,substantivum,neutrum,,"Personal details, family"
odvážný,A2,adjektivum,,,"Personal details, family"
optimista,A2,substantivum,maskulinum,,"Personal details, family"
optimistka,A2,substantivum,femininum,,"Personal details, family"
orientační,A2,adjektivum,,,"Personal details, family"
oženit se,A2,verbum,,perfektivní,"Personal details, family"
pesimista,A2,substantivum,maskulinum,,"Personal details, family"
pesimistka,A2,substantivum,femininum,,"Personal details, family"
plnoštíhlý,A2,adjektivum,,,"Personal details, family"
pohlaví,A2,substantivum,neutrum,,"Personal details, family"
povaha,A2,substantivum,femininum,,"Personal details, family"
pracovitý,A2,adjektivum,,,"Personal details, family"
pravoslavný,A2,adjektivum,,,"Personal details, family"
předchozí,A2,adjektivum,,,"Personal details, family"
předvolba,A2,substantivum,femininum,,"Personal details, family"
přestěhovat se,A2,verbum,,perfektivní,"Personal details, family"
příbuzná,A2,substantivum,femininum,,"Personal details, family"
příbuzný,A2,substantivum,maskulinum,,"Personal details, family"
příslušnost,A2,substantivum,femininum,,"Personal details, family"
původ,A2,substantivum,maskulinum,,"Personal details, family"
rozvod,A2,substantivum,maskulinum,,"Personal details, family"
rozvádět se,A2,verbum,,imperfektivní,"Personal details, family"
rozvést se,A2,verbum,,perfektivní,"Personal details, family"
skype,A2,substantivum,maskulinum,,"Personal details, family"
snacha,A2,substantivum,femininum,,"Personal details, family"
sourozenec,A2,substantivum,maskulinum,,"Personal details, family"
sňatek,A2,substantivum,maskulinum,,"Personal details, family"
tchán,A2,substantivum,maskulinum,,"Personal details, family"
tchýně,A2,substantivum,femininum,,"Personal details, family"
temperamentní,A2,adjektivum,,,"Personal details, family"
vdova,A2,substantivum,femininum,,"Personal details, family"
vdovec,A2,substantivum,maskulinum,,"Personal details, family"
vdát se,A2,verbum,,perfektivní,"Personal details, family"
vyznání,A2,substantivum,neutrum,,"Personal details, family"
zeť,A2,substantivum,maskulinum,,"Personal details, family"
úmrtí,A2,substantivum,neutrum,,"Personal details, family"
černoch,A2,substantivum,maskulinum,,"Personal details, family"
černoška,A2,substantivum,femininum,,"Personal details, family"
švagr,A2,substantivum,maskulinum,,"Personal details, family"
švagrová,A2,substantivum,femininum,,"Personal details, family"
ženský,A2,adjektivum,,,"Personal details, family"
facebook,A2,substantivum,maskulinum,,"Personal details, family; Free time"
vážný,A2,adjektivum,,,"Personal details, family; Health care"
GPS,A2,substantivum,femininum,,"Personal details, family; Travel"
krize,A2,substantivum,femininum,,Police and emergencies
krádež,A2,substantivum,femininum,,Police and emergencies
masáž,A2,substantivum,femininum,,Police and emergencies
obviněný,A2,substantivum,maskulinum,,Police and emergencies
podezřelý,A2,substantivum,maskulinum,,Police and emergencies
podání,A2,substantivum,neutrum,,Police and emergencies
policejní,A2,adjektivum,,,Police and emergencies
přepadení,A2,substantivum,neutrum,,Police and emergencies
spáchat,A2,verbum,,perfektivní,Police and emergencies
tísňový,A2,adjektivum,,,Police and emergencies
vybuchnout,A2,verbum,,perfektivní,Police and emergencies
válka,A2,substantivum,femininum,,Police and emergencies
zachránit,A2,verbum,,perfektivní,Police and emergencies
bavlněný,A2,adjektivum,,,Qualities
beton,A2,substantivum,maskulinum,,Qualities
dřevěný,A2,adjektivum,,,Qualities
hlučný,A2,adjektivum,,,Qualities
hořký,A2,adjektivum,,,Qualities
jemný,A2,adjektivum,,,Qualities
kovový,A2,adjektivum,,,Qualities
kulatý,A2,adjektivum,,,Qualities
kyselý,A2,adjektivum,,,Qualities
křehký,A2,adjektivum,,,Qualities
křivý,A2,adjektivum,,,Qualities
mládež,A2,substantivum,femininum,,Qualities
mokro,A2,adverbium,,,Qualities
ocel,A2,substantivum,femininum,,Qualities
ochutnat,A2,verbum,,perfektivní,Qualities
papírový,A2,adjektivum,,,Qualities
pevný,A2,adjektivum,,,Qualities
plast,A2,substantivum,maskulinum,,Qualities
plastový,A2,adjektivum,,,Qualities
porcelán,A2,substantivum,maskulinum,,Qualities
porcelánový,A2,adjektivum,,,Qualities
poškozený,A2,adjektivum,,,Qualities
páchnout,A2,verbum,,imperfektivní,Qualities
pálivý,A2,adjektivum,,,Qualities
skleněný,A2,adjektivum,,,Qualities
slabý,A2,adjektivum,,,Qualities
sluch,A2,substantivum,maskulinum,,Qualities
stříbrný,A2,adjektivum,,,Qualities
stříbro,A2,substantivum,neutrum,,Qualities
sušit,A2,verbum,,imperfektivní,Qualities
tenký,A2,adjektivum,,,Qualities
tmavě,A2,adverbium,,,Qualities
usušit,A2,verbum,,perfektivní,Qualities
vlhkost,A2,substantivum,femininum,,Qualities
vlhký,A2,adjektivum,,,Qualities
vlněný,A2,adjektivum,,,Qualities
vonět,A2,verbum,,imperfektivní,Qualities
vůně,A2,substantivum,femininum,,Qualities
zlato,A2,substantivum,neutrum,,Qualities
zlatý,A2,adjektivum,,,Qualities
špína,A2,substantivum,femininum,,Qualities
železo,A2,substantivum,neutrum,,Qualities
uklidit,A2,verbum,,perfektivní,Qualities; Daily routine
vyčistit,A2,verbum,,perfektivní,Qualities; Daily routine; Shopping and services
vlhko,A2,adverbium,,,Qualities; Environment and weather
hrubý,A2,adjektivum,,,Qualities; Food; Work
poslechnout si,A2,verbum,,perfektivní,Qualities; Free time
balíček,A2,substantivum,maskulinum,,Quantity
hrnek,A2,substantivum,maskulinum,,Quantity
krabička,A2,substantivum,femininum,,Quantity
kus,A2,substantivum,maskulinum,,Quantity
počet,A2,substantivum,maskulinum,,Quantity
předposlední,A2,,,,Quantity
půlka,A2,substantivum,femininum,,Quantity
skoro,A2,adverbium,,,Quantity
spočítat,A2,verbum,,perfektivní,Quantity
stý,A2,,,,Quantity
vyjmenovat,A2,verbum,,perfektivní,Quantity
úplně,A2,adverbium,,,Quantity
číslice,A2,substantivum,femininum,,Quantity
bankovnictví,A2,substantivum,neutrum,,Shopping and services
dobírka,A2,substantivum,femininum,,Shopping and services
doplatit,A2,verbum,,perfektivní,Shopping and services
doplácet,A2,verbum,,imperfektivní,Shopping and services
džíny,A2,substantivum,maskulinum,,Shopping and services
elektronika,A2,substantivum,femininum,,Shopping and services
halenka,A2,substantivum,femininum,,Shopping and services
hygienický,A2,adjektivum,,,Shopping and services
instalatér,A2,substantivum,maskulinum,,Shopping and services
internetový,A2,adjektivum,,,Shopping and services
kabelka,A2,substantivum,femininum,,Shopping and services
klenotnictví,A2,substantivum,neutrum,,Shopping and services
klobouk,A2,substantivum,maskulinum,,Shopping and services
knihkupectví,A2,substantivum,neutrum,,Shopping and services
košík,A2,substantivum,maskulinum,,Shopping and services
kravata,A2,substantivum,femininum,,Shopping and services
krejčovství,A2,substantivum,neutrum,,Shopping and services
krejčí,A2,substantivum,maskulinum,,Shopping and services
květinářství,A2,substantivum,neutrum,,Shopping and services
letecky,A2,adverbium,,,Shopping and services
listonoška,A2,substantivum,femininum,,Shopping and services
makléř,A2,substantivum,maskulinum,,Shopping and services
manikúra,A2,substantivum,femininum,,Shopping and services
masáže,A2,substantivum,femininum,,Shopping and services
masírovat,A2,verbum,,imperfektivní,Shopping and services
namasírovat,A2,verbum,,perfektivní,Shopping and services
nehtový,A2,adjektivum,,,Shopping and services
obarvit,A2,verbum,,perfektivní,Shopping and services
obchodnice,A2,substantivum,femininum,,Shopping and services
obuv,A2,substantivum,femininum,,Shopping and services
obyčejně,A2,adverbium,,,Shopping and services
oděv,A2,substantivum,maskulinum,,Shopping and services
ostříhat,A2,verbum,,perfektivní,Shopping and services
ošetřit,A2,verbum,,perfektivní,Shopping and services
ošetřovat,A2,verbum,,imperfektivní,Shopping and services
pantofle,A2,substantivum,maskulinum,,Shopping and services
papírnictví,A2,substantivum,neutrum,,Shopping and services
pedikúra,A2,substantivum,femininum,,Shopping and services
pláštěnka,A2,substantivum,femininum,,Shopping and services
podpatek,A2,substantivum,maskulinum,,Shopping and services
pojišťovatel,A2,substantivum,maskulinum,,Shopping and services
pojišťovatelka,A2,substantivum,femininum,,Shopping and services
pojišťovák,A2,substantivum,maskulinum,,Shopping and services
poštovné,A2,substantivum,neutrum,,Shopping and services
poštovní,A2,adjektivum,,,Shopping and services
pošťačka,A2,substantivum,femininum,,Shopping and services
pošťák,A2,substantivum,maskulinum,,Shopping and services
prodejný,A2,adjektivum,,,Shopping and services
prášky,A2,substantivum,maskulinum,,Shopping and services
punčochy,A2,substantivum,femininum,,Shopping and services
punčocháče,A2,substantivum,maskulinum,,Shopping and services
pyžamo,A2,substantivum,neutrum,,Shopping and services
přepočítat,A2,verbum,,perfektivní,Shopping and services
přepážka,A2,substantivum,femininum,,Shopping and services
převod,A2,substantivum,maskulinum,,Shopping and services
půjčka,A2,substantivum,femininum,,Shopping and services
realitní,A2,adjektivum,,,Shopping and services
reklamovat,A2,verbum,,imperfektivní,Shopping and services
složenka,A2,substantivum,femininum,,Shopping and services
slušet,A2,verbum,,imperfektivní,Shopping and services
směnárna,A2,substantivum,femininum,,Shopping and services
splátka,A2,substantivum,femininum,,Shopping and services
spodní,A2,adjektivum,,,Shopping and services
střih,A2,substantivum,maskulinum,,Shopping and services
stříhat,A2,verbum,,imperfektivní,Shopping and services
tržnice,A2,substantivum,femininum,,Shopping and services
ušít,A2,verbum,,perfektivní,Shopping and services
vozík,A2,substantivum,maskulinum,,Shopping and services
zabalit,A2,verbum,,perfektivní,Shopping and services
záruční,A2,adjektivum,,,Shopping and services
úrazový,A2,adjektivum,,,Shopping and services
účtenka,A2,substantivum,femininum,,Shopping and services
řezník,A2,substantivum,maskulinum,,Shopping and services
šperk,A2,substantivum,maskulinum,,Shopping and services
švadlena,A2,substantivum,femininum,,Shopping and services
šátek,A2,substantivum,maskulinum,,Shopping and services
šít,A2,verbum,,imperfektivní,Shopping and services
aktovka,A2,substantivum,femininum,,Shopping and services; Education
datový,A2,adjektivum,,,Shopping and services; Education
sociální,A2,adjektivum,,,Shopping and services; Offices
půjčovna,A2,substantivum,femininum,,Shopping and services; Travel
vyměňovat,A2,verbum,,imperfektivní,Shopping and services; Travel
zaplavat si,A2,verbum,,perfektivní,Shopping and services; Travel; Offices; Free time
decilitr,A2,substantivum,maskulinum,,Size and measures
dekagram,A2,substantivum,maskulinum,,Size and measures
deko,A2,substantivum,neutrum,,Size and measures
délka,A2,substantivum,femininum,,Size and measures
hloubka,A2,substantivum,femininum,,Size and measures
hluboko,A2,adverbium,,,Size and measures
hluboký,A2,adjektivum,,,Size and measures
klesat,A2,verbum,,imperfektivní,Size and measures
klesnout,A2,verbum,,perfektivní,Size and measures
krychlový,A2,adjektivum,,,Size and measures
milimetr,A2,substantivum,maskulinum,,Size and measures
nedaleko,A2,adverbium,,,Size and measures
pospíchat,A2,verbum,,imperfektivní,Size and measures
rozloha,A2,substantivum,femininum,,Size and measures
rozměr,A2,substantivum,maskulinum,,Size and measures
rychlost,A2,substantivum,maskulinum,,Size and measures
stoupnout,A2,verbum,,perfektivní,Size and measures
vlažný,A2,adjektivum,,,Size and measures
váha,A2,substantivum,femininum,,Size and measures
výška,A2,substantivum,femininum,,Size and measures
změřit,A2,verbum,,perfektivní,Size and measures
úzký,A2,adjektivum,,,Size and measures
šířka,A2,substantivum,femininum,,Size and measures
zvážit,A2,verbum,,perfektivní,"Size and measures; Personal details, family; Health care"
ať,A2,partikule,,,Social rituals
jakž takž,A2,adverbium,,,Social rituals
maličkost,A2,substantivum,femininum,,Social rituals
poznávat,A2,verbum,,imperfektivní,Social rituals
těšit,A2,verbum,,imperfektivní,Social rituals
vítat,A2,verbum,,imperfektivní,Social rituals
zlobit se,A2,verbum,,imperfektivní,Social rituals
dolní,A2,adjektivum,,,Space
doprostřed,A2,adverbium,,,Space
horní,A2,adjektivum,,,Space
jinde,A2,adverbium,,,Space
lehat si,A2,verbum,,imperfektivní,Space
lehnout si,A2,verbum,,perfektivní,Space
nalít,A2,verbum,,perfektivní,Space
nasypat,A2,verbum,,perfektivní,Space
někudy,A2,adverbium,,,Space
odbočovat,A2,verbum,,imperfektivní,Space
odnikud,A2,adverbium,,,Space
odněkud,A2,adverbium,,,Space
odtamtud,A2,adverbium,,,Space
odvést,A2,verbum,,perfektivní,Space
odvézt,A2,verbum,,perfektivní,Space
otáčet se,A2,verbum,,imperfektivní,Space
padat,A2,verbum,,imperfektivní,Space
pokládat,A2,verbum,,imperfektivní,Space
posadit,A2,verbum,,perfektivní,Space
pověsit,A2,verbum,,perfektivní,Space
přechod,A2,substantivum,maskulinum,,Space
přecházet,A2,verbum,,imperfektivní,Space
předjet,A2,verbum,,perfektivní,Space
předjíždět,A2,verbum,,imperfektivní,Space
přivést,A2,verbum,,perfektivní,Space
přivézt,A2,verbum,,perfektivní,Space
růst,A2,verbum,,imperfektivní,Space
sedat si,A2,verbum,,imperfektivní,Space
sypat,A2,verbum,,imperfektivní,Space
tamtudy,A2,adverbium,,,Space
tlačit,A2,verbum,,imperfektivní,Space
viset,A2,verbum,,imperfektivní,Space
vodit,A2,verbum,,imperfektivní,Space
vozit,A2,verbum,,imperfektivní,Space
vpravo,A2,adverbium,,,Space
vést,A2,verbum,,imperfektivní,Space
východní,A2,adjektivum,,,Space
výjezd,A2,substantivum,maskulinum,,Space
zadní,A2,adjektivum,,,Space
zatáčka,A2,substantivum,femininum,,Space
zleva,A2,adverbium,,,Space
zprava,A2,adverbium,,,Space
zpátky,A2,adverbium,,,Space
západní,A2,adjektivum,,,Space
kudy,A2,adverbium,,,Space; Giving information
objíždět,A2,verbum,,imperfektivní,Space; Travel
objížďka,A2,substantivum,femininum,,Space; Travel
odletět,A2,verbum,,perfektivní,Space; Travel
projíždět,A2,verbum,,imperfektivní,Space; Travel
přiletět,A2,verbum,,perfektivní,Space; Travel
vedlejší,A2,adjektivum,,,Space; Travel
vjíždět,A2,verbum,,imperfektivní,Space; Travel
vyjíždět,A2,verbum,,imperfektivní,Space; Travel
zastavovat,A2,verbum,,imperfektivní,Space; Travel
březnový,A2,adjektivum,,,Time
jarní,A2,adjektivum,,,Time
lednový,A2,adjektivum,,,Time
letos,A2,adverbium,,,Time
minulost,A2,substantivum,femininum,,Time
noční,A2,adjektivum,,,Time
pokračování,A2,substantivum,neutrum,,Time
předtím,A2,adverbium,,,Time
středeční,A2,adjektivum,,,Time
zimní,A2,adjektivum,,,Time
zrovna,A2,adverbium,,,Time
zároveň,A2,adverbium,,,Time
únorový,A2,adjektivum,,,Time
dokdy,A2,adverbium,,,Time; Giving information
autobazar,A2,substantivum,maskulinum,,Travel
autosedačka,A2,substantivum,femininum,,Travel
autoškola,A2,substantivum,femininum,,Travel
celnice,A2,substantivum,femininum,,Travel
celní,A2,adjektivum,,,Travel
chodník,A2,substantivum,maskulinum,,Travel
cyklostezka,A2,substantivum,femininum,,Travel
droga,A2,substantivum,femininum,,Travel
hranice,A2,substantivum,femininum,,Travel
kamion,A2,substantivum,maskulinum,,Travel
kruhový,A2,adjektivum,,,Travel
letový,A2,adjektivum,,,Travel
letuška,A2,substantivum,femininum,,Travel
loď,A2,substantivum,femininum,,Travel
lékárnička,A2,substantivum,femininum,,Travel
motorka,A2,substantivum,femininum,,Travel
místenka,A2,substantivum,femininum,,Travel
natankovat,A2,verbum,,perfektivní,Travel
navigace GPS,A2,substantivum,femininum,,Travel
nepřestupní,A2,adjektivum,,,Travel
nákladní,A2,adjektivum,,,Travel
odbavení,A2,substantivum,neutrum,,Travel
odbavit se,A2,verbum,,perfektivní,Travel
ojetý,A2,adjektivum,,,Travel
oranžová,A2,substantivum,femininum,,Travel
palubní,A2,adjektivum,,,Travel
pneumatika,A2,substantivum,femininum,,Travel
pneuservis,A2,substantivum,maskulinum,,Travel
prohlédnout si,A2,verbum,,perfektivní,Travel
prohlídka,A2,substantivum,femininum,,Travel
prohlížet si,A2,verbum,,imperfektivní,Travel
přejíždět,A2,verbum,,imperfektivní,Travel
přestupní,A2,adjektivum,,,Travel
příruční,A2,adjektivum,,,Travel
půjčovat si,A2,verbum,,imperfektivní,Travel
revizor,A2,substantivum,maskulinum,,Travel
revizorka,A2,substantivum,femininum,,Travel
semafor,A2,substantivum,maskulinum,,Travel
spěšný,A2,adjektivum,,,Travel
srazit se,A2,verbum,,perfektivní,Travel
stanoviště,A2,substantivum,neutrum,,Travel
stání,A2,substantivum,neutrum,,Travel
tankovat,A2,verbum,,imperfektivní,Travel
vnitrostátní,A2,adjektivum,,,Travel
vrtulník,A2,substantivum,maskulinum,,Travel
vystupovat,A2,verbum,,imperfektivní,Travel
vůz,A2,substantivum,maskulinum,,Travel
zahýbat,A2,verbum,,imperfektivní,Travel
zaparkovat,A2,verbum,,perfektivní,Travel
zastavení,A2,substantivum,neutrum,,Travel
zavazadlo,A2,substantivum,neutrum,,Travel
zavazadlový,A2,adjektivum,,,Travel
zóna,A2,substantivum,femininum,,Travel
úschovna,A2,substantivum,femininum,,Travel
časový,A2,adjektivum,,,Travel
železniční,A2,adjektivum,,,Travel
akciový,A2,adjektivum,,,Work
brigádnice,A2,substantivum,femininum,,Work
brigádník,A2,substantivum,maskulinum,,Work
dohoda,A2,substantivum,femininum,,Work
fyzický,A2,adjektivum,,,Work
informatička,A2,substantivum,femininum,,Work
jednatelka,A2,substantivum,femininum,,Work
nebezpečný,A2,adjektivum,,,Work
neurčitý,A2,adjektivum,,,Work
odměna,A2,substantivum,femininum,,Work
omezený,A2,adjektivum,,,Work
osoba,A2,substantivum,femininum,,Work
pomůcka,A2,substantivum,femininum,,Work
provedení,A2,substantivum,neutrum,,Work
právnický,A2,adjektivum,,,Work
příplatek,A2,substantivum,maskulinum,,Work
ručení,A2,substantivum,neutrum,,Work
stážista,A2,substantivum,maskulinum,,Work
stážistka,A2,substantivum,femininum,,Work
ukončit,A2,verbum,,perfektivní,Work
vydělat,A2,verbum,,perfektivní,Work
výpověď,A2,substantivum,femininum,,Work
zkušební,A2,adjektivum,,,Work
činnost,A2,substantivum,femininum,,Work
společnost,A2,substantivum,femininum,,Work; Contact with Czech society
mateřský,A2,adjektivum,,,Work; Education; Offices
rodičovský,A2,adjektivum,,,Work; Offices
soudce,A2,substantivum,maskulinum,,Work; Offices
soudkyně,A2,substantivum,femininum,,Work; Offices
výplata,A2,substantivum,femininum,,Work; Offices
výplatní,A2,adjektivum,,,Work; Offices
kadeřník,A2,substantivum,maskulinum,,Work; Shopping and services
